starttime	seconds	ctime	dtime	ttime	wait
Sat Apr 13 23:30:45 2024	1713076245	0	255	255	207
Sat Apr 13 23:33:05 2024	1713076385	0	4049	4049	2817
Sat Apr 13 23:30:45 2024	1713076245	9	4714	4724	4611
Sat Apr 13 23:30:45 2024	1713076245	10	4911	4920	4764
Sat Apr 13 23:33:33 2024	1713076413	0	4983	4983	4957
Sat Apr 13 23:30:45 2024	1713076245	10	4993	5003	4809
Sat Apr 13 23:33:33 2024	1713076413	0	5041	5041	5026
Sat Apr 13 23:30:45 2024	1713076245	9	5143	5153	4996
Sat Apr 13 23:33:33 2024	1713076413	0	5193	5193	5176
Sat Apr 13 23:30:45 2024	1713076245	10	5298	5308	4670
Sat Apr 13 23:33:14 2024	1713076394	0	5379	5379	5113
Sat Apr 13 23:30:45 2024	1713076245	9	5400	5409	4887
Sat Apr 13 23:30:45 2024	1713076245	10	5544	5553	5125
Sat Apr 13 23:30:45 2024	1713076245	11	5547	5558	4858
Sat Apr 13 23:30:45 2024	1713076245	10	5560	5570	5093
Sat Apr 13 23:30:45 2024	1713076245	10	5567	5576	5242
Sat Apr 13 23:30:45 2024	1713076245	9	5625	5634	5276
Sat Apr 13 23:32:54 2024	1713076374	0	5677	5677	3629
Sat Apr 13 23:33:17 2024	1713076397	0	5805	5805	5787
Sat Apr 13 23:30:45 2024	1713076245	10	5796	5806	5583
Sat Apr 13 23:32:39 2024	1713076359	0	5816	5816	3264
Sat Apr 13 23:33:32 2024	1713076412	0	5835	5835	5780
Sat Apr 13 23:32:42 2024	1713076362	0	5930	5930	5835
Sat Apr 13 23:33:12 2024	1713076392	0	5968	5968	3469
Sat Apr 13 23:33:09 2024	1713076389	0	5974	5975	3893
Sat Apr 13 23:33:12 2024	1713076392	0	6223	6224	5692
Sat Apr 13 23:30:45 2024	1713076245	10	6312	6322	5790
Sat Apr 13 23:33:16 2024	1713076396	0	6367	6368	3540
Sat Apr 13 23:32:41 2024	1713076361	0	6445	6446	6335
Sat Apr 13 23:33:28 2024	1713076408	0	6493	6493	2306
Sat Apr 13 23:33:32 2024	1713076412	1	6582	6583	6566
Sat Apr 13 23:33:16 2024	1713076396	0	6592	6592	4059
Sat Apr 13 23:33:31 2024	1713076411	0	6603	6604	6566
Sat Apr 13 23:33:16 2024	1713076396	0	6634	6634	4519
Sat Apr 13 23:33:01 2024	1713076381	0	6682	6682	6539
Sat Apr 13 23:33:09 2024	1713076389	0	6701	6701	4099
Sat Apr 13 23:32:59 2024	1713076379	0	6707	6707	4455
Sat Apr 13 23:33:03 2024	1713076383	0	6725	6725	4962
Sat Apr 13 23:33:01 2024	1713076381	0	6732	6733	5018
Sat Apr 13 23:33:16 2024	1713076396	0	6734	6734	6657
Sat Apr 13 23:33:09 2024	1713076389	0	6764	6765	4223
Sat Apr 13 23:33:21 2024	1713076401	2	6803	6804	6466
Sat Apr 13 23:33:28 2024	1713076408	0	6829	6829	1698
Sat Apr 13 23:30:45 2024	1713076245	10	6834	6844	6237
Sat Apr 13 23:30:45 2024	1713076245	11	6841	6852	6293
Sat Apr 13 23:32:54 2024	1713076374	0	6944	6944	4188
Sat Apr 13 23:33:27 2024	1713076407	0	6984	6985	6624
Sat Apr 13 23:33:09 2024	1713076389	0	7019	7019	4263
Sat Apr 13 23:32:57 2024	1713076377	0	7056	7056	4894
Sat Apr 13 23:32:42 2024	1713076362	0	7074	7074	7041
Sat Apr 13 23:33:08 2024	1713076388	0	7252	7252	7123
Sat Apr 13 23:32:47 2024	1713076367	0	7272	7272	5463
Sat Apr 13 23:30:45 2024	1713076245	11	7287	7298	7188
Sat Apr 13 23:33:22 2024	1713076402	0	7382	7382	7174
Sat Apr 13 23:30:45 2024	1713076245	11	7380	7391	7238
Sat Apr 13 23:33:14 2024	1713076394	0	7420	7420	4927
Sat Apr 13 23:33:19 2024	1713076399	0	7421	7421	3673
Sat Apr 13 23:33:06 2024	1713076386	1	7443	7443	7249
Sat Apr 13 23:33:26 2024	1713076406	0	7447	7447	7295
Sat Apr 13 23:33:26 2024	1713076406	0	7457	7457	3349
Sat Apr 13 23:33:23 2024	1713076403	0	7477	7477	3011
Sat Apr 13 23:33:18 2024	1713076398	0	7592	7592	3649
Sat Apr 13 23:32:35 2024	1713076355	0	7641	7642	3647
Sat Apr 13 23:32:35 2024	1713076355	0	7649	7650	4000
Sat Apr 13 23:32:46 2024	1713076366	0	7715	7715	7584
Sat Apr 13 23:32:41 2024	1713076361	0	7775	7775	5165
Sat Apr 13 23:32:48 2024	1713076368	0	7805	7805	5418
Sat Apr 13 23:30:45 2024	1713076245	11	7796	7807	7244
Sat Apr 13 23:32:43 2024	1713076363	0	7826	7826	7370
Sat Apr 13 23:31:51 2024	1713076311	0	7834	7834	7750
Sat Apr 13 23:32:39 2024	1713076359	0	7852	7852	5336
Sat Apr 13 23:33:00 2024	1713076380	0	7868	7868	6933
Sat Apr 13 23:30:45 2024	1713076245	9	7867	7877	7614
Sat Apr 13 23:30:45 2024	1713076245	11	7951	7961	7793
Sat Apr 13 23:33:21 2024	1713076401	1	7991	7992	7586
Sat Apr 13 23:32:37 2024	1713076357	0	8055	8055	7954
Sat Apr 13 23:33:01 2024	1713076381	0	8065	8065	5388
Sat Apr 13 23:33:18 2024	1713076398	0	8086	8087	4618
Sat Apr 13 23:30:45 2024	1713076245	11	8158	8169	7905
Sat Apr 13 23:32:33 2024	1713076353	0	8173	8173	4446
Sat Apr 13 23:32:34 2024	1713076354	0	8190	8190	7865
Sat Apr 13 23:31:51 2024	1713076311	0	8193	8193	8039
Sat Apr 13 23:33:01 2024	1713076381	0	8239	8239	8038
Sat Apr 13 23:32:32 2024	1713076352	1	8325	8326	8305
Sat Apr 13 23:32:32 2024	1713076352	0	8371	8371	4479
Sat Apr 13 23:30:45 2024	1713076245	11	8374	8385	8119
Sat Apr 13 23:32:48 2024	1713076368	0	8386	8387	6302
Sat Apr 13 23:33:29 2024	1713076409	0	8440	8440	8399
Sat Apr 13 23:32:38 2024	1713076358	0	8465	8465	4586
Sat Apr 13 23:33:23 2024	1713076403	1	8467	8467	4258
Sat Apr 13 23:31:45 2024	1713076305	0	8612	8612	2771
Sat Apr 13 23:33:29 2024	1713076409	0	8647	8648	8616
Sat Apr 13 23:30:45 2024	1713076245	10	8747	8756	8438
Sat Apr 13 23:33:16 2024	1713076396	0	8762	8762	6605
Sat Apr 13 23:33:29 2024	1713076409	1	8778	8778	8735
Sat Apr 13 23:33:29 2024	1713076409	1	8777	8779	8679
Sat Apr 13 23:32:55 2024	1713076375	1	8784	8785	8701
Sat Apr 13 23:30:45 2024	1713076245	10	8823	8833	8311
Sat Apr 13 23:32:45 2024	1713076365	0	8869	8869	8790
Sat Apr 13 23:33:18 2024	1713076398	0	8954	8955	8626
Sat Apr 13 23:30:45 2024	1713076245	11	8993	9004	8750
Sat Apr 13 23:31:54 2024	1713076314	0	9057	9057	3497
Sat Apr 13 23:33:28 2024	1713076408	0	9076	9077	4237
Sat Apr 13 23:30:45 2024	1713076245	9	9091	9101	8729
Sat Apr 13 23:30:45 2024	1713076245	11	9093	9103	8724
Sat Apr 13 23:33:15 2024	1713076395	0	9113	9113	7151
Sat Apr 13 23:31:42 2024	1713076302	0	9124	9124	4010
Sat Apr 13 23:31:50 2024	1713076310	0	9220	9220	4072
Sat Apr 13 23:32:29 2024	1713076349	0	9245	9245	4211
Sat Apr 13 23:31:36 2024	1713076296	0	9278	9278	9234
Sat Apr 13 23:31:52 2024	1713076312	1	9321	9321	8660
Sat Apr 13 23:33:07 2024	1713076387	4	9390	9394	9334
Sat Apr 13 23:33:25 2024	1713076405	1	9412	9412	9292
Sat Apr 13 23:32:27 2024	1713076347	0	9439	9440	3676
Sat Apr 13 23:33:10 2024	1713076390	0	9449	9449	6986
Sat Apr 13 23:32:44 2024	1713076364	0	9455	9455	6633
Sat Apr 13 23:32:58 2024	1713076378	0	9526	9526	6957
Sat Apr 13 23:30:45 2024	1713076245	11	9532	9543	9276
Sat Apr 13 23:30:45 2024	1713076245	11	9536	9547	9313
Sat Apr 13 23:31:53 2024	1713076313	0	9571	9572	9521
Sat Apr 13 23:31:45 2024	1713076305	0	9583	9584	4100
Sat Apr 13 23:31:45 2024	1713076305	0	9645	9646	3459
Sat Apr 13 23:32:25 2024	1713076345	2	9722	9724	9541
Sat Apr 13 23:31:52 2024	1713076312	1	9741	9742	4570
Sat Apr 13 23:31:39 2024	1713076299	0	9750	9750	3155
Sat Apr 13 23:30:45 2024	1713076245	11	9759	9769	9367
Sat Apr 13 23:33:13 2024	1713076393	0	9800	9800	7212
Sat Apr 13 23:30:45 2024	1713076245	11	9866	9877	9477
Sat Apr 13 23:30:45 2024	1713076245	11	9915	9925	9850
Sat Apr 13 23:31:48 2024	1713076308	0	9964	9965	4128
Sat Apr 13 23:33:28 2024	1713076408	0	10009	10010	6094
Sat Apr 13 23:33:27 2024	1713076407	0	10017	10018	9789
Sat Apr 13 23:33:17 2024	1713076397	1	10045	10046	9933
Sat Apr 13 23:33:13 2024	1713076393	0	10071	10072	7396
Sat Apr 13 23:32:45 2024	1713076365	0	10083	10083	6686
Sat Apr 13 23:33:28 2024	1713076408	0	10105	10106	10074
Sat Apr 13 23:33:04 2024	1713076384	0	10213	10213	9129
Sat Apr 13 23:31:41 2024	1713076301	0	10230	10230	4567
Sat Apr 13 23:33:10 2024	1713076390	0	10259	10259	10015
Sat Apr 13 23:32:24 2024	1713076344	0	10315	10315	5113
Sat Apr 13 23:30:45 2024	1713076245	11	10331	10342	5451
Sat Apr 13 23:30:45 2024	1713076245	12	10353	10365	4994
Sat Apr 13 23:33:05 2024	1713076385	0	10378	10378	10158
Sat Apr 13 23:33:27 2024	1713076407	0	10378	10379	10337
Sat Apr 13 23:31:19 2024	1713076279	1	10387	10387	10152
Sat Apr 13 23:33:10 2024	1713076390	0	10390	10390	7600
Sat Apr 13 23:33:08 2024	1713076388	0	10407	10408	8025
Sat Apr 13 23:33:06 2024	1713076386	0	10503	10504	10457
Sat Apr 13 23:33:27 2024	1713076407	0	10585	10586	6486
Sat Apr 13 23:32:06 2024	1713076326	0	10615	10615	3489
Sat Apr 13 23:33:18 2024	1713076398	1	10618	10619	10594
Sat Apr 13 23:33:09 2024	1713076389	0	10660	10660	8612
Sat Apr 13 23:33:11 2024	1713076391	0	10674	10674	8580
Sat Apr 13 23:31:32 2024	1713076292	0	10748	10748	10633
Sat Apr 13 23:33:27 2024	1713076407	1	10750	10750	10705
Sat Apr 13 23:33:04 2024	1713076384	0	10772	10772	8926
Sat Apr 13 23:33:19 2024	1713076399	0	10778	10779	10649
Sat Apr 13 23:33:00 2024	1713076380	0	10854	10854	10753
Sat Apr 13 23:31:28 2024	1713076288	0	10873	10873	10418
Sat Apr 13 23:33:04 2024	1713076384	0	10874	10875	9773
Sat Apr 13 23:31:40 2024	1713076300	0	10890	10890	5071
Sat Apr 13 23:32:26 2024	1713076346	0	10921	10921	4514
Sat Apr 13 23:30:45 2024	1713076245	11	10911	10922	10715
Sat Apr 13 23:32:25 2024	1713076345	0	10945	10946	5542
Sat Apr 13 23:33:11 2024	1713076391	0	10980	10981	8506
Sat Apr 13 23:31:54 2024	1713076314	0	10994	10994	4975
Sat Apr 13 23:30:45 2024	1713076245	12	10991	11002	5289
Sat Apr 13 23:31:29 2024	1713076289	0	11004	11004	10935
Sat Apr 13 23:32:18 2024	1713076338	0	11018	11018	3854
Sat Apr 13 23:31:55 2024	1713076315	0	11021	11021	4654
Sat Apr 13 23:33:26 2024	1713076406	1	11033	11034	11007
Sat Apr 13 23:33:08 2024	1713076388	0	11036	11036	8431
Sat Apr 13 23:31:59 2024	1713076319	0	11068	11068	10822
Sat Apr 13 23:33:25 2024	1713076405	0	11093	11093	6610
Sat Apr 13 23:33:10 2024	1713076390	0	11197	11197	8623
Sat Apr 13 23:32:26 2024	1713076346	0	11197	11197	11104
Sat Apr 13 23:31:46 2024	1713076306	0	11200	11200	4776
Sat Apr 13 23:33:06 2024	1713076386	0	11219	11219	8759
Sat Apr 13 23:30:45 2024	1713076245	11	11223	11234	11096
Sat Apr 13 23:33:11 2024	1713076391	0	11251	11251	8953
Sat Apr 13 23:31:35 2024	1713076295	0	11267	11267	11173
Sat Apr 13 23:33:17 2024	1713076397	0	11273	11273	10553
Sat Apr 13 23:33:26 2024	1713076406	0	11293	11293	6763
Sat Apr 13 23:33:18 2024	1713076398	0	11294	11294	11103
Sat Apr 13 23:33:02 2024	1713076382	0	11295	11295	11107
Sat Apr 13 23:32:35 2024	1713076355	0	11364	11364	10931
Sat Apr 13 23:31:21 2024	1713076281	0	11368	11368	11351
Sat Apr 13 23:33:00 2024	1713076380	4	11375	11380	11137
Sat Apr 13 23:30:45 2024	1713076245	11	11374	11385	11128
Sat Apr 13 23:32:55 2024	1713076375	1	11395	11396	11368
Sat Apr 13 23:32:58 2024	1713076378	0	11399	11400	9235
Sat Apr 13 23:33:23 2024	1713076403	1	11458	11459	7369
Sat Apr 13 23:32:37 2024	1713076357	1	11460	11461	11319
Sat Apr 13 23:33:16 2024	1713076396	0	11464	11464	8328
Sat Apr 13 23:31:54 2024	1713076314	0	11467	11467	11439
Sat Apr 13 23:31:55 2024	1713076315	0	11472	11473	5706
Sat Apr 13 23:31:20 2024	1713076280	0	11482	11482	3412
Sat Apr 13 23:32:57 2024	1713076377	0	11487	11488	9868
Sat Apr 13 23:31:59 2024	1713076319	0	11487	11488	3875
Sat Apr 13 23:33:27 2024	1713076407	1	11491	11492	11477
Sat Apr 13 23:32:05 2024	1713076325	1	11584	11584	11097
Sat Apr 13 23:31:48 2024	1713076308	0	11626	11626	6052
Sat Apr 13 23:33:24 2024	1713076404	0	11628	11628	6765
Sat Apr 13 23:31:55 2024	1713076315	0	11662	11662	4713
Sat Apr 13 23:32:10 2024	1713076330	0	11695	11695	4722
Sat Apr 13 23:32:54 2024	1713076374	0	11707	11707	9239
Sat Apr 13 23:33:17 2024	1713076397	0	11727	11728	8500
Sat Apr 13 23:33:19 2024	1713076399	0	11756	11756	7873
Sat Apr 13 23:33:22 2024	1713076402	0	11759	11760	7935
Sat Apr 13 23:33:25 2024	1713076405	0	11770	11770	11277
Sat Apr 13 23:33:06 2024	1713076386	0	11782	11782	11738
Sat Apr 13 23:33:19 2024	1713076399	0	11823	11823	7779
Sat Apr 13 23:32:55 2024	1713076375	2	11850	11852	11399
Sat Apr 13 23:33:23 2024	1713076403	0	11882	11883	11791
Sat Apr 13 23:33:24 2024	1713076404	0	11903	11903	6748
Sat Apr 13 23:31:51 2024	1713076311	1	11932	11932	6881
Sat Apr 13 23:32:32 2024	1713076352	1	11942	11943	11910
Sat Apr 13 23:31:23 2024	1713076283	0	11947	11948	4218
Sat Apr 13 23:31:23 2024	1713076283	0	11963	11963	4470
Sat Apr 13 23:31:24 2024	1713076284	0	11978	11978	11839
Sat Apr 13 23:31:17 2024	1713076277	0	11979	11979	11951
Sat Apr 13 23:33:20 2024	1713076400	0	11983	11984	11843
Sat Apr 13 23:33:03 2024	1713076383	0	11998	11998	9782
Sat Apr 13 23:31:38 2024	1713076298	0	12003	12003	5073
Sat Apr 13 23:33:22 2024	1713076402	0	12012	12013	11844
Sat Apr 13 23:32:16 2024	1713076336	0	12044	12044	3372
Sat Apr 13 23:32:59 2024	1713076379	0	12044	12045	9518
Sat Apr 13 23:33:00 2024	1713076380	0	12056	12056	11883
Sat Apr 13 23:31:30 2024	1713076290	0	12080	12080	11655
Sat Apr 13 23:32:13 2024	1713076333	0	12083	12083	4525
Sat Apr 13 23:30:45 2024	1713076245	11	12082	12093	11472
Sat Apr 13 23:31:47 2024	1713076307	0	12118	12118	11792
Sat Apr 13 23:33:26 2024	1713076406	0	12123	12123	8130
Sat Apr 13 23:31:23 2024	1713076283	0	12172	12172	4220
Sat Apr 13 23:32:25 2024	1713076345	0	12195	12196	11923
Sat Apr 13 23:31:50 2024	1713076310	0	12199	12199	6736
Sat Apr 13 23:31:31 2024	1713076291	0	12202	12203	5277
Sat Apr 13 23:31:33 2024	1713076293	0	12230	12231	4727
Sat Apr 13 23:31:44 2024	1713076304	0	12246	12246	7212
Sat Apr 13 23:32:00 2024	1713076320	0	12260	12260	3804
Sat Apr 13 23:30:45 2024	1713076245	12	12269	12281	6982
Sat Apr 13 23:33:26 2024	1713076406	0	12285	12285	8187
Sat Apr 13 23:31:45 2024	1713076305	0	12292	12292	6633
Sat Apr 13 23:32:20 2024	1713076340	0	12300	12300	5640
Sat Apr 13 23:30:45 2024	1713076245	12	12331	12343	7122
Sat Apr 13 23:31:35 2024	1713076295	1	12342	12343	5962
Sat Apr 13 23:32:56 2024	1713076376	0	12384	12385	12203
Sat Apr 13 23:32:53 2024	1713076373	0	12388	12389	12253
Sat Apr 13 23:31:46 2024	1713076306	0	12437	12437	6617
Sat Apr 13 23:30:45 2024	1713076245	12	12498	12510	7222
Sat Apr 13 23:32:36 2024	1713076356	1	12525	12526	9476
Sat Apr 13 23:32:56 2024	1713076376	0	12530	12530	12510
Sat Apr 13 23:31:22 2024	1713076282	0	12547	12547	4344
Sat Apr 13 23:31:17 2024	1713076277	0	12558	12558	12318
Sat Apr 13 23:31:08 2024	1713076268	0	12562	12562	3340
Sat Apr 13 23:32:08 2024	1713076328	0	12565	12565	5771
Sat Apr 13 23:31:08 2024	1713076268	0	12580	12581	3920
Sat Apr 13 23:31:12 2024	1713076272	0	12585	12585	12184
Sat Apr 13 23:31:43 2024	1713076303	1	12597	12598	12506
Sat Apr 13 23:31:56 2024	1713076316	0	12614	12614	12561
Sat Apr 13 23:33:24 2024	1713076404	0	12629	12629	12309
Sat Apr 13 23:30:45 2024	1713076245	11	12663	12674	12456
Sat Apr 13 23:33:20 2024	1713076400	0	12708	12708	8134
Sat Apr 13 23:32:32 2024	1713076352	0	12750	12750	8706
Sat Apr 13 23:30:45 2024	1713076245	11	12740	12750	12580
Sat Apr 13 23:31:57 2024	1713076317	0	12760	12760	12695
Sat Apr 13 23:33:01 2024	1713076381	0	12760	12760	10247
Sat Apr 13 23:30:45 2024	1713076245	12	12754	12766	7442
Sat Apr 13 23:32:20 2024	1713076340	0	12771	12771	12751
Sat Apr 13 23:30:45 2024	1713076245	12	12879	12891	7682
Sat Apr 13 23:32:00 2024	1713076320	1	12891	12892	12550
Sat Apr 13 23:33:23 2024	1713076403	0	12920	12920	12847
Sat Apr 13 23:31:51 2024	1713076311	0	12923	12923	8398
Sat Apr 13 23:31:53 2024	1713076313	0	12942	12942	7270
Sat Apr 13 23:32:08 2024	1713076328	1	12981	12982	12567
Sat Apr 13 23:32:38 2024	1713076358	0	12983	12984	10103
Sat Apr 13 23:30:45 2024	1713076245	12	12978	12990	7538
Sat Apr 13 23:31:35 2024	1713076295	0	12992	12993	12951
Sat Apr 13 23:32:46 2024	1713076366	0	12994	12994	11086
Sat Apr 13 23:31:09 2024	1713076269	0	13000	13001	12897
Sat Apr 13 23:33:05 2024	1713076385	0	13052	13053	11992
Sat Apr 13 23:31:34 2024	1713076294	0	13059	13060	6231
Sat Apr 13 23:31:58 2024	1713076318	0	13067	13067	7525
Sat Apr 13 23:31:29 2024	1713076289	0	13077	13077	5123
Sat Apr 13 23:30:45 2024	1713076245	12	13150	13162	8018
Sat Apr 13 23:32:40 2024	1713076360	0	13175	13175	10684
Sat Apr 13 23:31:46 2024	1713076306	0	13186	13186	13163
Sat Apr 13 23:31:27 2024	1713076287	0	13205	13205	5996
Sat Apr 13 23:31:16 2024	1713076276	1	13211	13211	7973
Sat Apr 13 23:32:10 2024	1713076330	0	13215	13216	6590
Sat Apr 13 23:31:38 2024	1713076298	0	13221	13221	6513
Sat Apr 13 23:32:07 2024	1713076327	0	13221	13221	12941
Sat Apr 13 23:31:31 2024	1713076291	0	13225	13225	6456
Sat Apr 13 23:33:25 2024	1713076405	1	13263	13264	13222
Sat Apr 13 23:32:12 2024	1713076332	0	13266	13266	5357
Sat Apr 13 23:31:28 2024	1713076288	0	13271	13271	13160
Sat Apr 13 23:31:49 2024	1713076309	0	13272	13272	7923
Sat Apr 13 23:31:13 2024	1713076273	0	13335	13335	4705
Sat Apr 13 23:31:12 2024	1713076272	0	13349	13349	4120
Sat Apr 13 23:30:58 2024	1713076258	0	13369	13369	13289
Sat Apr 13 23:30:45 2024	1713076245	12	13361	13373	8160
Sat Apr 13 23:30:45 2024	1713076245	11	13374	13384	13225
Sat Apr 13 23:32:37 2024	1713076357	0	13388	13388	9694
Sat Apr 13 23:31:52 2024	1713076312	0	13398	13398	8131
Sat Apr 13 23:31:48 2024	1713076308	0	13407	13407	7700
Sat Apr 13 23:31:54 2024	1713076314	0	13415	13416	13067
Sat Apr 13 23:32:30 2024	1713076350	0	13424	13425	9131
Sat Apr 13 23:31:03 2024	1713076263	0	13432	13432	13342
Sat Apr 13 23:32:10 2024	1713076330	0	13449	13449	6184
Sat Apr 13 23:31:26 2024	1713076286	1	13454	13456	13429
Sat Apr 13 23:32:05 2024	1713076325	0	13462	13462	5554
Sat Apr 13 23:31:42 2024	1713076302	0	13472	13472	8098
Sat Apr 13 23:33:25 2024	1713076405	0	13476	13476	8517
Sat Apr 13 23:30:45 2024	1713076245	12	13468	13479	8353
Sat Apr 13 23:30:45 2024	1713076245	12	13477	13489	8028
Sat Apr 13 23:31:35 2024	1713076295	1	13493	13493	6955
Sat Apr 13 23:31:47 2024	1713076307	0	13494	13494	7910
Sat Apr 13 23:31:27 2024	1713076287	0	13550	13550	6606
Sat Apr 13 23:31:32 2024	1713076292	0	13550	13551	6422
Sat Apr 13 23:31:36 2024	1713076296	0	13559	13559	6739
Sat Apr 13 23:31:58 2024	1713076318	0	13566	13566	5788
Sat Apr 13 23:33:19 2024	1713076399	0	13567	13567	13528
Sat Apr 13 23:31:52 2024	1713076312	0	13571	13571	8551
Sat Apr 13 23:31:58 2024	1713076318	0	13587	13587	12608
Sat Apr 13 23:33:24 2024	1713076404	0	13600	13601	8788
Sat Apr 13 23:31:46 2024	1713076306	0	13617	13617	13500
Sat Apr 13 23:30:45 2024	1713076245	12	13629	13641	8498
Sat Apr 13 23:31:13 2024	1713076273	0	13641	13641	4827
Sat Apr 13 23:32:34 2024	1713076354	0	13650	13651	9613
Sat Apr 13 23:32:45 2024	1713076365	0	13652	13652	11094
Sat Apr 13 23:32:42 2024	1713076362	0	13653	13653	13390
Sat Apr 13 23:33:19 2024	1713076399	0	13667	13668	9666
Sat Apr 13 23:32:25 2024	1713076345	0	13676	13676	8805
Sat Apr 13 23:30:59 2024	1713076259	0	13691	13691	3066
Sat Apr 13 23:32:02 2024	1713076322	0	13701	13701	5936
Sat Apr 13 23:32:47 2024	1713076367	0	13703	13703	11810
Sat Apr 13 23:32:34 2024	1713076354	1	13729	13730	13315
Sat Apr 13 23:30:58 2024	1713076258	0	13738	13738	13521
Sat Apr 13 23:32:06 2024	1713076326	0	13743	13743	5899
Sat Apr 13 23:32:58 2024	1713076378	0	13747	13747	10519
Sat Apr 13 23:32:30 2024	1713076350	0	13761	13762	8664
Sat Apr 13 23:32:44 2024	1713076364	0	13769	13769	11894
Sat Apr 13 23:31:54 2024	1713076314	0	13791	13791	7807
Sat Apr 13 23:31:35 2024	1713076295	0	13832	13832	6822
Sat Apr 13 23:31:42 2024	1713076302	0	13837	13838	8367
Sat Apr 13 23:31:56 2024	1713076316	0	13853	13853	7853
Sat Apr 13 23:30:57 2024	1713076257	0	13865	13865	8690
Sat Apr 13 23:32:29 2024	1713076349	0	13919	13919	13705
Sat Apr 13 23:33:22 2024	1713076402	0	13920	13921	10077
Sat Apr 13 23:33:19 2024	1713076399	0	13928	13928	9659
Sat Apr 13 23:31:23 2024	1713076283	0	13938	13939	13782
Sat Apr 13 23:31:11 2024	1713076271	0	13941	13941	5587
Sat Apr 13 23:31:40 2024	1713076300	0	13941	13942	13723
Sat Apr 13 23:32:44 2024	1713076364	0	13951	13951	11448
Sat Apr 13 23:31:40 2024	1713076300	0	13966	13967	13871
Sat Apr 13 23:32:53 2024	1713076373	0	13992	13992	11435
Sat Apr 13 23:32:41 2024	1713076361	0	13992	13992	10669
Sat Apr 13 23:33:03 2024	1713076383	0	14006	14006	12619
Sat Apr 13 23:31:33 2024	1713076293	0	14025	14025	8860
Sat Apr 13 23:33:22 2024	1713076402	0	14065	14065	10364
Sat Apr 13 23:31:56 2024	1713076316	0	14104	14104	8872
Sat Apr 13 23:31:59 2024	1713076319	0	14109	14109	6948
Sat Apr 13 23:31:26 2024	1713076286	0	14109	14109	7103
Sat Apr 13 23:32:44 2024	1713076364	0	14112	14112	12633
Sat Apr 13 23:31:58 2024	1713076318	0	14115	14115	13951
Sat Apr 13 23:31:37 2024	1713076297	0	14127	14128	7915
Sat Apr 13 23:31:45 2024	1713076305	1	14140	14141	13765
Sat Apr 13 23:31:21 2024	1713076281	1	14145	14145	9042
Sat Apr 13 23:32:44 2024	1713076364	0	14177	14177	12357
Sat Apr 13 23:33:23 2024	1713076403	0	14179	14179	14142
Sat Apr 13 23:31:43 2024	1713076303	0	14194	14195	8646
Sat Apr 13 23:33:24 2024	1713076404	0	14204	14204	9092
Sat Apr 13 23:30:58 2024	1713076258	0	14212	14212	3548
Sat Apr 13 23:31:30 2024	1713076290	0	14214	14214	14087
Sat Apr 13 23:31:31 2024	1713076291	0	14234	14234	14011
Sat Apr 13 23:31:19 2024	1713076279	0	14246	14246	5670
Sat Apr 13 23:32:50 2024	1713076370	0	14248	14249	11787
Sat Apr 13 23:31:22 2024	1713076282	1	14262	14263	14216
Sat Apr 13 23:31:24 2024	1713076284	0	14266	14266	13928
Sat Apr 13 23:33:09 2024	1713076389	0	14268	14268	11923
Sat Apr 13 23:33:08 2024	1713076388	0	14333	14333	12166
Sat Apr 13 23:33:24 2024	1713076404	0	14339	14340	14321
Sat Apr 13 23:30:45 2024	1713076245	12	14337	14349	8942
Sat Apr 13 23:31:28 2024	1713076288	0	14389	14390	14372
Sat Apr 13 23:31:21 2024	1713076281	0	14400	14400	6550
Sat Apr 13 23:31:16 2024	1713076276	0	14416	14416	6329
Sat Apr 13 23:30:45 2024	1713076245	12	14406	14417	9183
Sat Apr 13 23:30:45 2024	1713076245	12	14415	14426	9057
Sat Apr 13 23:33:15 2024	1713076395	0	14431	14431	13942
Sat Apr 13 23:31:28 2024	1713076288	0	14455	14455	6636
Sat Apr 13 23:31:13 2024	1713076273	0	14492	14492	4512
Sat Apr 13 23:33:05 2024	1713076385	0	14492	14492	13425
Sat Apr 13 23:32:19 2024	1713076339	0	14496	14496	14425
Sat Apr 13 23:33:09 2024	1713076389	0	14498	14498	11932
Sat Apr 13 23:32:51 2024	1713076371	0	14506	14507	14359
Sat Apr 13 23:33:05 2024	1713076385	0	14510	14510	14053
Sat Apr 13 23:31:55 2024	1713076315	1	14521	14522	8948
Sat Apr 13 23:31:38 2024	1713076298	0	14528	14528	7991
Sat Apr 13 23:33:23 2024	1713076403	0	14530	14531	10551
Sat Apr 13 23:31:40 2024	1713076300	0	14532	14533	8143
Sat Apr 13 23:31:03 2024	1713076263	0	14533	14533	4592
Sat Apr 13 23:32:29 2024	1713076349	0	14536	14536	9739
Sat Apr 13 23:32:00 2024	1713076320	1	14566	14566	14314
Sat Apr 13 23:33:13 2024	1713076393	0	14571	14571	11649
Sat Apr 13 23:31:38 2024	1713076298	0	14612	14612	7669
Sat Apr 13 23:31:08 2024	1713076268	0	14620	14620	5646
Sat Apr 13 23:32:28 2024	1713076348	0	14623	14624	8848
Sat Apr 13 23:33:10 2024	1713076390	0	14639	14639	14615
Sat Apr 13 23:31:18 2024	1713076278	1	14648	14649	14316
Sat Apr 13 23:33:06 2024	1713076386	0	14666	14666	14591
Sat Apr 13 23:31:15 2024	1713076275	0	14694	14694	14106
Sat Apr 13 23:32:45 2024	1713076365	0	14706	14706	12341
Sat Apr 13 23:32:25 2024	1713076345	0	14709	14710	9581
Sat Apr 13 23:31:25 2024	1713076285	0	14739	14740	14669
Sat Apr 13 23:32:39 2024	1713076359	0	14741	14741	11909
Sat Apr 13 23:32:39 2024	1713076359	0	14744	14745	10548
Sat Apr 13 23:32:19 2024	1713076339	1	14746	14747	14475
Sat Apr 13 23:33:23 2024	1713076403	1	14748	14748	14707
Sat Apr 13 23:33:23 2024	1713076403	0	14760	14760	14747
Sat Apr 13 23:31:08 2024	1713076268	0	14765	14765	14649
Sat Apr 13 23:31:12 2024	1713076272	0	14768	14768	14644
Sat Apr 13 23:33:13 2024	1713076393	0	14773	14773	12164
Sat Apr 13 23:33:05 2024	1713076385	1	14794	14795	14734
Sat Apr 13 23:31:30 2024	1713076290	0	14800	14800	7157
Sat Apr 13 23:31:54 2024	1713076314	0	14807	14808	9266
Sat Apr 13 23:30:45 2024	1713076245	12	14835	14847	9348
Sat Apr 13 23:32:50 2024	1713076370	0	14852	14852	13376
Sat Apr 13 23:32:25 2024	1713076345	0	14861	14861	14815
Sat Apr 13 23:30:45 2024	1713076245	12	14860	14871	9705
Sat Apr 13 23:30:45 2024	1713076245	13	14876	14889	9451
Sat Apr 13 23:31:11 2024	1713076271	0	14897	14897	6417
Sat Apr 13 23:33:11 2024	1713076391	0	14903	14904	14804
Sat Apr 13 23:31:01 2024	1713076261	0	14916	14916	14480
Sat Apr 13 23:30:45 2024	1713076245	12	14914	14925	9693
Sat Apr 13 23:32:12 2024	1713076332	0	14935	14935	14776
Sat Apr 13 23:32:10 2024	1713076330	0	14941	14942	14870
Sat Apr 13 23:31:18 2024	1713076278	0	14961	14962	7008
Sat Apr 13 23:31:31 2024	1713076291	0	14977	14978	14951
Sat Apr 13 23:32:10 2024	1713076330	1	14983	14984	14876
Sat Apr 13 23:33:20 2024	1713076400	0	14985	14985	14847
Sat Apr 13 23:30:58 2024	1713076258	0	14988	14988	4698
Sat Apr 13 23:33:23 2024	1713076403	0	15002	15002	11211
Sat Apr 13 23:32:42 2024	1713076362	0	15003	15003	14317
Sat Apr 13 23:32:24 2024	1713076344	1	15005	15006	14714
Sat Apr 13 23:31:12 2024	1713076272	0	15012	15012	14824
Sat Apr 13 23:31:58 2024	1713076318	0	15020	15020	7132
Sat Apr 13 23:30:45 2024	1713076245	12	15022	15034	9586
Sat Apr 13 23:30:45 2024	1713076245	12	15028	15040	9900
Sat Apr 13 23:31:51 2024	1713076311	0	15047	15047	10307
Sat Apr 13 23:33:13 2024	1713076393	0	15054	15054	12224
Sat Apr 13 23:31:23 2024	1713076283	0	15058	15058	14785
Sat Apr 13 23:31:22 2024	1713076282	0	15067	15067	14989
Sat Apr 13 23:32:43 2024	1713076363	0	15088	15088	14983
Sat Apr 13 23:32:27 2024	1713076347	0	15089	15090	9081
Sat Apr 13 23:32:19 2024	1713076339	0	15120	15120	15015
Sat Apr 13 23:31:05 2024	1713076265	0	15138	15138	5656
Sat Apr 13 23:31:17 2024	1713076277	0	15160	15160	6489
Sat Apr 13 23:32:01 2024	1713076321	0	15161	15161	6680
Sat Apr 13 23:33:07 2024	1713076387	0	15170	15170	15101
Sat Apr 13 23:30:55 2024	1713076255	0	15177	15177	3570
Sat Apr 13 23:32:19 2024	1713076339	0	15193	15194	14871
Sat Apr 13 23:31:10 2024	1713076270	1	15211	15211	14332
Sat Apr 13 23:33:20 2024	1713076400	1	15243	15243	11062
Sat Apr 13 23:32:06 2024	1713076326	1	15255	15256	8685
Sat Apr 13 23:31:19 2024	1713076279	0	15275	15275	6658
Sat Apr 13 23:31:09 2024	1713076269	0	15298	15298	6260
Sat Apr 13 23:31:04 2024	1713076264	0	15299	15300	5926
Sat Apr 13 23:31:13 2024	1713076273	0	15303	15303	15141
Sat Apr 13 23:32:42 2024	1713076362	0	15335	15335	15006
Sat Apr 13 23:32:50 2024	1713076370	1	15373	15373	15273
Sat Apr 13 23:32:15 2024	1713076335	0	15376	15376	7506
Sat Apr 13 23:32:22 2024	1713076342	0	15376	15376	15061
Sat Apr 13 23:31:47 2024	1713076307	0	15394	15395	9947
Sat Apr 13 23:31:17 2024	1713076277	0	15398	15398	15209
Sat Apr 13 23:31:11 2024	1713076271	0	15405	15405	7046
Sat Apr 13 23:31:13 2024	1713076273	0	15409	15409	6193
Sat Apr 13 23:31:33 2024	1713076293	0	15412	15412	7778
Sat Apr 13 23:31:44 2024	1713076304	0	15456	15456	10653
Sat Apr 13 23:33:18 2024	1713076398	1	15463	15464	15414
Sat Apr 13 23:33:21 2024	1713076401	0	15468	15468	15235
Sat Apr 13 23:31:28 2024	1713076288	0	15502	15502	7732
Sat Apr 13 23:33:22 2024	1713076402	0	15510	15510	15439
Sat Apr 13 23:33:19 2024	1713076399	0	15515	15515	15486
Sat Apr 13 23:31:02 2024	1713076262	0	15531	15532	15290
Sat Apr 13 23:31:13 2024	1713076273	0	15541	15541	5736
Sat Apr 13 23:33:15 2024	1713076395	0	15551	15551	15273
Sat Apr 13 23:32:25 2024	1713076345	0	15582	15582	10405
Sat Apr 13 23:30:58 2024	1713076258	0	15587	15587	5239
Sat Apr 13 23:33:06 2024	1713076386	0	15640	15640	13271
Sat Apr 13 23:32:01 2024	1713076321	0	15662	15662	15522
Sat Apr 13 23:33:18 2024	1713076398	0	15668	15668	15480
Sat Apr 13 23:30:54 2024	1713076254	0	15688	15688	15648
Sat Apr 13 23:31:06 2024	1713076266	1	15718	15719	15672
Sat Apr 13 23:32:17 2024	1713076337	0	15728	15729	7660
Sat Apr 13 23:31:00 2024	1713076260	0	15735	15735	5379
Sat Apr 13 23:30:57 2024	1713076257	0	15741	15741	5473
Sat Apr 13 23:32:53 2024	1713076373	0	15745	15745	14854
Sat Apr 13 23:32:28 2024	1713076348	0	15754	15755	9866
Sat Apr 13 23:33:20 2024	1713076400	0	15760	15760	15737
Sat Apr 13 23:32:28 2024	1713076348	0	15761	15761	9945
Sat Apr 13 23:32:00 2024	1713076320	0	15860	15860	7323
Sat Apr 13 23:30:57 2024	1713076257	0	15865	15866	5062
Sat Apr 13 23:30:56 2024	1713076256	0	15871	15871	5366
Sat Apr 13 23:33:02 2024	1713076382	0	15931	15932	13390
Sat Apr 13 23:31:14 2024	1713076274	0	15936	15936	6089
Sat Apr 13 23:31:22 2024	1713076282	0	15939	15939	15830
Sat Apr 13 23:33:08 2024	1713076388	0	15946	15947	13467
Sat Apr 13 23:31:44 2024	1713076304	0	15947	15947	10762
Sat Apr 13 23:30:58 2024	1713076258	0	15950	15951	15782
Sat Apr 13 23:33:22 2024	1713076402	0	15960	15960	12547
Sat Apr 13 23:30:55 2024	1713076255	0	15977	15977	5151
Sat Apr 13 23:31:46 2024	1713076306	0	15990	15991	9881
Sat Apr 13 23:31:13 2024	1713076273	0	16013	16013	15950
Sat Apr 13 23:32:13 2024	1713076333	0	16020	16021	8107
Sat Apr 13 23:30:54 2024	1713076254	0	16060	16060	4580
Sat Apr 13 23:32:21 2024	1713076341	0	16069	16069	9880
Sat Apr 13 23:33:17 2024	1713076397	0	16131	16132	13260
Sat Apr 13 23:30:45 2024	1713076245	13	16151	16164	10992
Sat Apr 13 23:30:45 2024	1713076245	13	16158	16172	11008
Sat Apr 13 23:32:09 2024	1713076329	0	16217	16217	16189
Sat Apr 13 23:32:55 2024	1713076375	0	16233	16234	14124
Sat Apr 13 23:30:45 2024	1713076245	13	16222	16235	11030
Sat Apr 13 23:32:19 2024	1713076339	0	16264	16265	9505
Sat Apr 13 23:31:43 2024	1713076303	0	16274	16274	15773
Sat Apr 13 23:31:35 2024	1713076295	0	16278	16278	10075
Sat Apr 13 23:31:12 2024	1713076272	0	16283	16283	7465
Sat Apr 13 23:31:58 2024	1713076318	0	16284	16285	11212
Sat Apr 13 23:30:45 2024	1713076245	12	16277	16288	11039
Sat Apr 13 23:32:09 2024	1713076329	0	16298	16298	9425
Sat Apr 13 23:32:14 2024	1713076334	0	16298	16299	8579
Sat Apr 13 23:32:03 2024	1713076323	0	16326	16326	15491
Sat Apr 13 23:31:57 2024	1713076317	0	16356	16356	10697
Sat Apr 13 23:31:01 2024	1713076261	1	16369	16370	16163
Sat Apr 13 23:31:37 2024	1713076297	0	16372	16372	16310
Sat Apr 13 23:31:29 2024	1713076289	0	16389	16389	8866
Sat Apr 13 23:31:40 2024	1713076300	0	16426	16427	10847
Sat Apr 13 23:31:35 2024	1713076295	0	16427	16427	9482
Sat Apr 13 23:32:10 2024	1713076330	0	16436	16437	8153
Sat Apr 13 23:30:45 2024	1713076245	13	16434	16447	11288
Sat Apr 13 23:31:45 2024	1713076305	0	16454	16454	16008
Sat Apr 13 23:30:50 2024	1713076250	0	16461	16462	4527
Sat Apr 13 23:31:05 2024	1713076265	0	16471	16472	7170
Sat Apr 13 23:32:13 2024	1713076333	0	16480	16480	8349
Sat Apr 13 23:33:01 2024	1713076381	0	16494	16494	14033
Sat Apr 13 23:31:48 2024	1713076308	0	16511	16511	10624
Sat Apr 13 23:31:37 2024	1713076297	0	16549	16549	9945
Sat Apr 13 23:31:19 2024	1713076279	0	16570	16571	9146
Sat Apr 13 23:32:11 2024	1713076331	0	16598	16598	16135
Sat Apr 13 23:32:05 2024	1713076325	0	16603	16603	8650
Sat Apr 13 23:32:57 2024	1713076377	0	16607	16608	14572
Sat Apr 13 23:33:06 2024	1713076386	0	16621	16622	16506
Sat Apr 13 23:30:45 2024	1713076245	13	16618	16632	11363
Sat Apr 13 23:31:25 2024	1713076285	0	16667	16667	9521
Sat Apr 13 23:31:28 2024	1713076288	0	16669	16669	9816
Sat Apr 13 23:30:55 2024	1713076255	0	16702	16702	11262
Sat Apr 13 23:31:01 2024	1713076261	0	16711	16712	16577
Sat Apr 13 23:30:59 2024	1713076259	0	16719	16720	11497
Sat Apr 13 23:31:02 2024	1713076262	0	16743	16743	6181
Sat Apr 13 23:32:55 2024	1713076375	0	16757	16757	14207
Sat Apr 13 23:31:02 2024	1713076262	0	16780	16780	16704
Sat Apr 13 23:31:10 2024	1713076270	0	16802	16802	8114
Sat Apr 13 23:32:02 2024	1713076322	0	16808	16808	16425
Sat Apr 13 23:31:25 2024	1713076285	0	16829	16829	9847
Sat Apr 13 23:32:05 2024	1713076325	0	16865	16865	9585
Sat Apr 13 23:31:26 2024	1713076286	0	16874	16874	10303
Sat Apr 13 23:32:15 2024	1713076335	0	16874	16874	8869
Sat Apr 13 23:30:56 2024	1713076256	0	16886	16886	16858
Sat Apr 13 23:31:26 2024	1713076286	0	16918	16918	10124
Sat Apr 13 23:31:52 2024	1713076312	0	16940	16940	12183
Sat Apr 13 23:32:12 2024	1713076332	0	16954	16954	11784
Sat Apr 13 23:31:18 2024	1713076278	0	16963	16964	8914
Sat Apr 13 23:31:34 2024	1713076294	0	16975	16975	10696
Sat Apr 13 23:31:53 2024	1713076313	0	16985	16985	16821
Sat Apr 13 23:31:14 2024	1713076274	0	16990	16990	7474
Sat Apr 13 23:30:45 2024	1713076245	12	16990	17002	11718
Sat Apr 13 23:31:41 2024	1713076301	0	17005	17005	11142
Sat Apr 13 23:31:06 2024	1713076266	0	17008	17008	7505
Sat Apr 13 23:32:12 2024	1713076332	0	17008	17009	8688
Sat Apr 13 23:32:12 2024	1713076332	0	17024	17024	8955
Sat Apr 13 23:31:02 2024	1713076262	0	17042	17042	6501
Sat Apr 13 23:31:14 2024	1713076274	0	17054	17054	7753
Sat Apr 13 23:31:05 2024	1713076265	0	17054	17055	7576
Sat Apr 13 23:32:20 2024	1713076340	0	17058	17058	9946
Sat Apr 13 23:31:11 2024	1713076271	0	17062	17063	9392
Sat Apr 13 23:31:54 2024	1713076314	0	17074	17075	10950
Sat Apr 13 23:30:59 2024	1713076259	0	17085	17085	5792
Sat Apr 13 23:30:54 2024	1713076254	0	17107	17108	5740
Sat Apr 13 23:31:55 2024	1713076315	0	17130	17130	10445
Sat Apr 13 23:31:05 2024	1713076265	3	17163	17166	16339
Sat Apr 13 23:31:09 2024	1713076269	0	17177	17177	17060
Sat Apr 13 23:31:45 2024	1713076305	0	17215	17216	16980
Sat Apr 13 23:32:21 2024	1713076341	0	17230	17230	10657
Sat Apr 13 23:30:45 2024	1713076245	13	17243	17256	11909
Sat Apr 13 23:32:07 2024	1713076327	0	17264	17264	10066
Sat Apr 13 23:32:58 2024	1713076378	1	17271	17272	17079
Sat Apr 13 23:30:45 2024	1713076245	13	17263	17277	11669
Sat Apr 13 23:30:45 2024	1713076245	12	17282	17294	12152
Sat Apr 13 23:31:18 2024	1713076278	0	17326	17326	16855
Sat Apr 13 23:31:27 2024	1713076287	0	17334	17334	17132
Sat Apr 13 23:30:45 2024	1713076245	13	17352	17365	12121
Sat Apr 13 23:31:15 2024	1713076275	0	17368	17368	17336
Sat Apr 13 23:31:02 2024	1713076262	0	17377	17377	6995
Sat Apr 13 23:31:21 2024	1713076281	0	17382	17382	9380
Sat Apr 13 23:31:39 2024	1713076299	0	17409	17409	17119
Sat Apr 13 23:30:45 2024	1713076245	23	17392	17415	4425
Sat Apr 13 23:30:54 2024	1713076254	0	17432	17433	5959
Sat Apr 13 23:32:14 2024	1713076334	1	17453	17454	17433
Sat Apr 13 23:31:19 2024	1713076279	0	17462	17462	8940
Sat Apr 13 23:31:38 2024	1713076298	0	17477	17477	10829
Sat Apr 13 23:32:54 2024	1713076374	0	17481	17481	17137
Sat Apr 13 23:33:16 2024	1713076396	0	17489	17489	15386
Sat Apr 13 23:31:16 2024	1713076276	0	17501	17501	9060
Sat Apr 13 23:31:40 2024	1713076300	0	17502	17502	10933
Sat Apr 13 23:30:50 2024	1713076250	0	17524	17524	17503
Sat Apr 13 23:31:29 2024	1713076289	0	17525	17525	10642
Sat Apr 13 23:32:52 2024	1713076372	0	17544	17544	15045
Sat Apr 13 23:33:18 2024	1713076398	0	17548	17549	14239
Sat Apr 13 23:32:50 2024	1713076370	1	17560	17561	15879
Sat Apr 13 23:31:38 2024	1713076298	0	17610	17610	17555
Sat Apr 13 23:30:45 2024	1713076245	12	17611	17623	12253
Sat Apr 13 23:33:20 2024	1713076400	0	17623	17623	13167
Sat Apr 13 23:32:15 2024	1713076335	0	17625	17626	17245
Sat Apr 13 23:30:45 2024	1713076245	13	17616	17629	12486
Sat Apr 13 23:32:58 2024	1713076378	1	17704	17705	17507
Sat Apr 13 23:32:24 2024	1713076344	0	17722	17723	17684
Sat Apr 13 23:31:22 2024	1713076282	0	17819	17819	10058
Sat Apr 13 23:30:50 2024	1713076250	0	17910	17910	5621
Sat Apr 13 23:32:17 2024	1713076337	0	17924	17924	17327
Sat Apr 13 23:31:10 2024	1713076270	0	17952	17952	17931
Sat Apr 13 23:30:50 2024	1713076250	0	17955	17956	5928
Sat Apr 13 23:31:30 2024	1713076290	0	17956	17956	10398
Sat Apr 13 23:31:32 2024	1713076292	0	17968	17968	10434
Sat Apr 13 23:31:31 2024	1713076291	0	17988	17988	10670
Sat Apr 13 23:31:13 2024	1713076273	0	18021	18021	9128
Sat Apr 13 23:31:05 2024	1713076265	0	18022	18022	12042
Sat Apr 13 23:30:52 2024	1713076252	0	18028	18028	6986
Sat Apr 13 23:31:20 2024	1713076280	0	18035	18035	17969
Sat Apr 13 23:31:30 2024	1713076290	0	18079	18079	10465
Sat Apr 13 23:33:00 2024	1713076380	0	18093	18093	17610
Sat Apr 13 23:31:17 2024	1713076277	0	18117	18117	9505
Sat Apr 13 23:32:06 2024	1713076326	0	18119	18119	17744
Sat Apr 13 23:30:56 2024	1713076256	0	18132	18133	17959
Sat Apr 13 23:32:38 2024	1713076358	0	18143	18143	17857
Sat Apr 13 23:31:09 2024	1713076269	0	18221	18221	9739
Sat Apr 13 23:31:00 2024	1713076260	0	18223	18224	7465
Sat Apr 13 23:31:58 2024	1713076318	0	18245	18246	10277
Sat Apr 13 23:31:37 2024	1713076297	1	18247	18248	17839
Sat Apr 13 23:32:58 2024	1713076378	0	18252	18252	15816
Sat Apr 13 23:33:05 2024	1713076385	0	18252	18252	16280
Sat Apr 13 23:31:48 2024	1713076308	0	18258	18258	12677
Sat Apr 13 23:30:53 2024	1713076253	0	18258	18259	7196
Sat Apr 13 23:31:28 2024	1713076288	1	18259	18259	17710
Sat Apr 13 23:30:50 2024	1713076250	0	18273	18273	5970
Sat Apr 13 23:30:55 2024	1713076255	0	18276	18276	7525
Sat Apr 13 23:31:04 2024	1713076264	0	18311	18311	18289
Sat Apr 13 23:30:45 2024	1713076245	13	18320	18334	12872
Sat Apr 13 23:32:08 2024	1713076328	0	18341	18342	11839
Sat Apr 13 23:31:58 2024	1713076318	0	18349	18350	17615
Sat Apr 13 23:32:32 2024	1713076352	1	18359	18360	18016
Sat Apr 13 23:31:02 2024	1713076262	0	18404	18404	17638
Sat Apr 13 23:32:06 2024	1713076326	0	18413	18413	10993
Sat Apr 13 23:30:59 2024	1713076259	0	18424	18424	18280
Sat Apr 13 23:31:35 2024	1713076295	0	18443	18444	18367
Sat Apr 13 23:30:50 2024	1713076250	0	18579	18579	6607
Sat Apr 13 23:30:45 2024	1713076245	13	18568	18582	13261
Sat Apr 13 23:33:19 2024	1713076399	0	18611	18611	18570
Sat Apr 13 23:32:33 2024	1713076353	0	18621	18621	18577
Sat Apr 13 23:32:44 2024	1713076364	0	18629	18629	15973
Sat Apr 13 23:31:01 2024	1713076261	1	18640	18641	18439
Sat Apr 13 23:31:13 2024	1713076273	0	18671	18671	9001
Sat Apr 13 23:30:51 2024	1713076251	0	18762	18762	13649
Sat Apr 13 23:31:22 2024	1713076282	0	18765	18765	18349
Sat Apr 13 23:30:58 2024	1713076258	0	18789	18789	18424
Sat Apr 13 23:31:03 2024	1713076263	0	18790	18790	8339
Sat Apr 13 23:31:48 2024	1713076308	0	18799	18799	12983
Sat Apr 13 23:32:54 2024	1713076374	0	18825	18825	15915
Sat Apr 13 23:30:51 2024	1713076251	0	18828	18829	6401
Sat Apr 13 23:31:19 2024	1713076279	0	18841	18841	18524
Sat Apr 13 23:32:49 2024	1713076369	0	18855	18856	16538
Sat Apr 13 23:30:54 2024	1713076254	0	18856	18856	7966
Sat Apr 13 23:32:41 2024	1713076361	0	18896	18896	18816
Sat Apr 13 23:31:51 2024	1713076311	0	18967	18967	13910
Sat Apr 13 23:32:43 2024	1713076363	1	18967	18968	18803
Sat Apr 13 23:31:00 2024	1713076260	0	19038	19039	19000
Sat Apr 13 23:33:07 2024	1713076387	0	19044	19044	16799
Sat Apr 13 23:31:59 2024	1713076319	0	19053	19054	11413
Sat Apr 13 23:33:10 2024	1713076390	0	19054	19054	16627
Sat Apr 13 23:31:51 2024	1713076311	1	19074	19074	18830
Sat Apr 13 23:32:36 2024	1713076356	0	19082	19082	16035
Sat Apr 13 23:32:24 2024	1713076344	0	19102	19102	14404
Sat Apr 13 23:30:45 2024	1713076245	13	19109	19122	13401
Sat Apr 13 23:32:06 2024	1713076326	0	19129	19129	19086
Sat Apr 13 23:31:40 2024	1713076300	0	19156	19156	12688
Sat Apr 13 23:31:32 2024	1713076292	1	19163	19164	19136
Sat Apr 13 23:31:00 2024	1713076260	0	19185	19185	8412
Sat Apr 13 23:31:26 2024	1713076286	0	19200	19200	12415
Sat Apr 13 23:32:29 2024	1713076349	0	19211	19212	19173
Sat Apr 13 23:31:26 2024	1713076286	0	19220	19220	19141
Sat Apr 13 23:31:47 2024	1713076307	0	19227	19228	13630
Sat Apr 13 23:33:05 2024	1713076385	0	19252	19252	19235
Sat Apr 13 23:30:52 2024	1713076252	0	19275	19275	8022
Sat Apr 13 23:32:41 2024	1713076361	0	19277	19278	19228
Sat Apr 13 23:32:25 2024	1713076345	0	19324	19324	14193
Sat Apr 13 23:30:45 2024	1713076245	13	19314	19327	13603
Sat Apr 13 23:33:07 2024	1713076387	2	19328	19330	19290
Sat Apr 13 23:31:56 2024	1713076316	1	19343	19343	19213
Sat Apr 13 23:32:46 2024	1713076366	0	19365	19366	19157
Sat Apr 13 23:31:05 2024	1713076265	1	19369	19369	19207
Sat Apr 13 23:32:02 2024	1713076322	0	19387	19387	11299
Sat Apr 13 23:31:13 2024	1713076273	0	19417	19418	14309
Sat Apr 13 23:32:40 2024	1713076360	0	19446	19446	16612
Sat Apr 13 23:32:20 2024	1713076340	0	19458	19458	12864
Sat Apr 13 23:33:08 2024	1713076388	0	19481	19481	19181
Sat Apr 13 23:30:55 2024	1713076255	0	19499	19500	19374
Sat Apr 13 23:33:18 2024	1713076398	0	19545	19545	15817
Sat Apr 13 23:33:09 2024	1713076389	0	19556	19556	16603
Sat Apr 13 23:30:45 2024	1713076245	12	19552	19564	13800
Sat Apr 13 23:32:23 2024	1713076343	0	19590	19590	14699
Sat Apr 13 23:32:22 2024	1713076342	0	19652	19652	14052
Sat Apr 13 23:30:45 2024	1713076245	13	19666	19679	14290
Sat Apr 13 23:31:11 2024	1713076271	0	19691	19691	19319
Sat Apr 13 23:33:08 2024	1713076388	0	19701	19701	17110
Sat Apr 13 23:31:49 2024	1713076309	0	19717	19717	19689
Sat Apr 13 23:31:14 2024	1713076274	0	19723	19723	19589
Sat Apr 13 23:31:08 2024	1713076268	0	19727	19728	14639
Sat Apr 13 23:31:42 2024	1713076302	0	19730	19730	13915
Sat Apr 13 23:31:40 2024	1713076300	0	19783	19784	13506
Sat Apr 13 23:31:49 2024	1713076309	0	19800	19801	19685
Sat Apr 13 23:30:52 2024	1713076252	0	19839	19839	8613
Sat Apr 13 23:31:20 2024	1713076280	0	19846	19846	11866
Sat Apr 13 23:30:53 2024	1713076253	0	19868	19868	8866
Sat Apr 13 23:31:56 2024	1713076316	0	19903	19903	19357
Sat Apr 13 23:32:09 2024	1713076329	0	19951	19952	12994
Sat Apr 13 23:31:10 2024	1713076270	0	19962	19962	11310
Sat Apr 13 23:32:02 2024	1713076322	0	19962	19963	19862
Sat Apr 13 23:32:09 2024	1713076329	0	20001	20001	19262
Sat Apr 13 23:30:51 2024	1713076251	0	20022	20023	19824
Sat Apr 13 23:32:29 2024	1713076349	0	20032	20032	14278
Sat Apr 13 23:32:33 2024	1713076353	0	20044	20044	19926
Sat Apr 13 23:31:59 2024	1713076319	0	20070	20071	12904
Sat Apr 13 23:30:45 2024	1713076245	12	20085	20096	19075
Sat Apr 13 23:32:27 2024	1713076347	0	20137	20137	19879
Sat Apr 13 23:32:04 2024	1713076324	0	20147	20147	12354
Sat Apr 13 23:30:45 2024	1713076245	12	20144	20156	14649
Sat Apr 13 23:31:38 2024	1713076298	0	20180	20180	13715
Sat Apr 13 23:32:38 2024	1713076358	0	20188	20188	17100
Sat Apr 13 23:32:48 2024	1713076368	0	20231	20231	17661
Sat Apr 13 23:31:38 2024	1713076298	0	20236	20236	13849
Sat Apr 13 23:31:05 2024	1713076265	0	20241	20241	20022
Sat Apr 13 23:31:46 2024	1713076306	0	20256	20257	14523
Sat Apr 13 23:31:25 2024	1713076285	0	20270	20270	12334
Sat Apr 13 23:30:45 2024	1713076245	13	20315	20328	15049
Sat Apr 13 23:30:45 2024	1713076245	13	20327	20340	15020
Sat Apr 13 23:32:44 2024	1713076364	1	20340	20341	20160
Sat Apr 13 23:31:24 2024	1713076284	0	20369	20369	12488
Sat Apr 13 23:32:37 2024	1713076357	0	20396	20396	17797
Sat Apr 13 23:30:53 2024	1713076253	0	20403	20403	9559
Sat Apr 13 23:30:45 2024	1713076245	13	20483	20496	14844
Sat Apr 13 23:31:54 2024	1713076314	0	20502	20502	20378
Sat Apr 13 23:32:57 2024	1713076377	0	20510	20510	20479
Sat Apr 13 23:31:02 2024	1713076262	0	20517	20517	9870
Sat Apr 13 23:30:45 2024	1713076245	13	20504	20517	15218
Sat Apr 13 23:31:07 2024	1713076267	0	20525	20526	10945
Sat Apr 13 23:32:16 2024	1713076336	0	20550	20550	12246
Sat Apr 13 23:31:59 2024	1713076319	0	20562	20562	20202
Sat Apr 13 23:31:42 2024	1713076302	0	20592	20592	14812
Sat Apr 13 23:30:54 2024	1713076254	0	20594	20594	10033
Sat Apr 13 23:32:11 2024	1713076331	0	20641	20641	20486
Sat Apr 13 23:31:14 2024	1713076274	0	20665	20665	11692
Sat Apr 13 23:30:45 2024	1713076245	13	20794	20808	15391
Sat Apr 13 23:32:40 2024	1713076360	0	20836	20836	20786
Sat Apr 13 23:30:54 2024	1713076254	0	20837	20837	20768
Sat Apr 13 23:30:58 2024	1713076258	0	20865	20865	10483
Sat Apr 13 23:31:54 2024	1713076314	0	20892	20893	14556
Sat Apr 13 23:31:09 2024	1713076269	0	20952	20953	20851
Sat Apr 13 23:32:14 2024	1713076334	1	20955	20955	20789
Sat Apr 13 23:32:58 2024	1713076378	0	20956	20957	20788
Sat Apr 13 23:32:49 2024	1713076369	0	20961	20961	18447
Sat Apr 13 23:30:56 2024	1713076256	0	20963	20963	9850
Sat Apr 13 23:33:12 2024	1713076392	0	20968	20968	18672
Sat Apr 13 23:32:04 2024	1713076324	0	20976	20977	20552
Sat Apr 13 23:33:16 2024	1713076396	0	20989	20989	18328
Sat Apr 13 23:30:45 2024	1713076245	13	21001	21014	15687
Sat Apr 13 23:33:17 2024	1713076397	0	21047	21048	20964
Sat Apr 13 23:31:34 2024	1713076294	1	21052	21053	20864
Sat Apr 13 23:31:21 2024	1713076281	0	21058	21058	12820
Sat Apr 13 23:33:15 2024	1713076395	0	21072	21072	18968
Sat Apr 13 23:31:32 2024	1713076292	0	21094	21095	21076
Sat Apr 13 23:33:16 2024	1713076396	0	21144	21144	18947
Sat Apr 13 23:33:16 2024	1713076396	0	21162	21162	18253
Sat Apr 13 23:30:45 2024	1713076245	13	21196	21210	15797
Sat Apr 13 23:31:17 2024	1713076277	0	21210	21211	20837
Sat Apr 13 23:32:20 2024	1713076340	0	21213	21213	14294
Sat Apr 13 23:32:40 2024	1713076360	0	21329	21329	21032
Sat Apr 13 23:32:07 2024	1713076327	0	21331	21331	21231
Sat Apr 13 23:32:10 2024	1713076330	0	21340	21341	21221
Sat Apr 13 23:30:50 2024	1713076250	0	21350	21350	16164
Sat Apr 13 23:32:07 2024	1713076327	0	21385	21385	21122
Sat Apr 13 23:32:58 2024	1713076378	1	21407	21407	21352
Sat Apr 13 23:32:15 2024	1713076335	0	21446	21446	13138
Sat Apr 13 23:31:32 2024	1713076292	0	21497	21497	13885
Sat Apr 13 23:31:30 2024	1713076290	0	21499	21499	14085
Sat Apr 13 23:32:32 2024	1713076352	0	21512	21512	17529
Sat Apr 13 23:32:02 2024	1713076322	0	21516	21516	21358
Sat Apr 13 23:32:36 2024	1713076356	0	21516	21516	18113
Sat Apr 13 23:32:02 2024	1713076322	0	21580	21580	13747
Sat Apr 13 23:31:44 2024	1713076304	1	21585	21586	21147
Sat Apr 13 23:32:57 2024	1713076377	0	21596	21596	19589
Sat Apr 13 23:30:45 2024	1713076245	13	21634	21647	11440
Sat Apr 13 23:32:55 2024	1713076375	0	21749	21749	19741
Sat Apr 13 23:33:15 2024	1713076395	0	21852	21853	19384
Sat Apr 13 23:32:59 2024	1713076379	0	21943	21943	21205
Sat Apr 13 23:31:29 2024	1713076289	0	22075	22075	15156
Sat Apr 13 23:30:50 2024	1713076250	0	22153	22153	9869
Sat Apr 13 23:32:16 2024	1713076336	0	22155	22155	13085
Sat Apr 13 23:31:50 2024	1713076310	0	22181	22181	17184
Sat Apr 13 23:33:11 2024	1713076391	0	22244	22244	22221
Sat Apr 13 23:31:58 2024	1713076318	0	22254	22254	21605
Sat Apr 13 23:32:51 2024	1713076371	0	22313	22314	22134
Sat Apr 13 23:31:11 2024	1713076271	1	22360	22361	22156
Sat Apr 13 23:31:06 2024	1713076266	0	22436	22437	22316
Sat Apr 13 23:30:50 2024	1713076250	0	22488	22488	10414
Sat Apr 13 23:31:32 2024	1713076292	0	22510	22511	15644
Sat Apr 13 23:31:01 2024	1713076261	3	22540	22544	22312
Sat Apr 13 23:31:00 2024	1713076260	0	22578	22578	22254
Sat Apr 13 23:33:15 2024	1713076395	0	22667	22667	22612
Sat Apr 13 23:31:33 2024	1713076293	0	22669	22669	15248
Sat Apr 13 23:30:45 2024	1713076245	13	22696	22709	17200
Sat Apr 13 23:32:02 2024	1713076322	0	22713	22714	15230
Sat Apr 13 23:33:00 2024	1713076380	0	22810	22810	20547
Sat Apr 13 23:32:37 2024	1713076357	0	22816	22816	22740
Sat Apr 13 23:33:15 2024	1713076395	0	22834	22835	20453
Sat Apr 13 23:32:47 2024	1713076367	0	22851	22851	21510
Sat Apr 13 23:32:48 2024	1713076368	0	22897	22897	20848
Sat Apr 13 23:31:27 2024	1713076287	0	22904	22905	22702
Sat Apr 13 23:30:45 2024	1713076245	13	23073	23086	12631
Sat Apr 13 23:31:49 2024	1713076309	1	23101	23101	22981
Sat Apr 13 23:31:15 2024	1713076275	0	23125	23125	14419
Sat Apr 13 23:31:35 2024	1713076295	0	23170	23170	16227
Sat Apr 13 23:31:44 2024	1713076304	0	23279	23279	23168
Sat Apr 13 23:32:23 2024	1713076343	0	23285	23285	18371
Sat Apr 13 23:31:56 2024	1713076316	0	23342	23342	23286
Sat Apr 13 23:30:45 2024	1713076245	13	23361	23374	18180
Sat Apr 13 23:31:47 2024	1713076307	0	23428	23429	17844
Sat Apr 13 23:32:02 2024	1713076322	0	23536	23536	23471
Sat Apr 13 23:32:21 2024	1713076341	0	23538	23538	23212
Sat Apr 13 23:31:21 2024	1713076281	0	23581	23582	15449
Sat Apr 13 23:30:53 2024	1713076253	0	23583	23583	23352
Sat Apr 13 23:31:02 2024	1713076262	0	23635	23635	12821
Sat Apr 13 23:31:27 2024	1713076287	0	23665	23665	16336
Sat Apr 13 23:32:09 2024	1713076329	0	23688	23688	23198
Sat Apr 13 23:33:09 2024	1713076389	0	23740	23740	20853
Sat Apr 13 23:31:16 2024	1713076276	0	23755	23755	23564
Sat Apr 13 23:31:08 2024	1713076268	1	23775	23775	23506
Sat Apr 13 23:32:24 2024	1713076344	0	23778	23778	23526
Sat Apr 13 23:31:42 2024	1713076302	0	23791	23791	23702
Sat Apr 13 23:30:45 2024	1713076245	13	23792	23806	18184
Sat Apr 13 23:31:29 2024	1713076289	0	23889	23889	16718
Sat Apr 13 23:32:09 2024	1713076329	0	23956	23957	17359
Sat Apr 13 23:31:24 2024	1713076284	0	24003	24004	23876
Sat Apr 13 23:33:13 2024	1713076393	1	24010	24011	23970
Sat Apr 13 23:32:48 2024	1713076368	0	24019	24019	21952
Sat Apr 13 23:33:06 2024	1713076386	0	24116	24116	21342
Sat Apr 13 23:30:45 2024	1713076245	13	24140	24154	18773
Sat Apr 13 23:32:15 2024	1713076335	0	24167	24167	24025
Sat Apr 13 23:32:03 2024	1713076323	0	24215	24215	19183
Sat Apr 13 23:30:52 2024	1713076252	0	24346	24346	12800
Sat Apr 13 23:32:09 2024	1713076329	0	24367	24367	17938
Sat Apr 13 23:33:12 2024	1713076392	0	24404	24404	22304
Sat Apr 13 23:30:45 2024	1713076245	13	24449	24462	19018
Sat Apr 13 23:31:00 2024	1713076260	0	24463	24463	13941
Sat Apr 13 23:31:33 2024	1713076293	0	24605	24605	24386
Sat Apr 13 23:32:48 2024	1713076368	0	24612	24612	22716
Sat Apr 13 23:32:45 2024	1713076365	0	24678	24679	22384
Sat Apr 13 23:32:20 2024	1713076340	0	24761	24761	17746
Sat Apr 13 23:31:08 2024	1713076268	0	24791	24791	15807
Sat Apr 13 23:32:07 2024	1713076327	1	24795	24796	17196
Sat Apr 13 23:31:44 2024	1713076304	0	24850	24851	19790
Sat Apr 13 23:32:36 2024	1713076356	0	24875	24875	21586
Sat Apr 13 23:31:44 2024	1713076304	0	24900	24900	24823
Sat Apr 13 23:32:44 2024	1713076364	0	25019	25019	22762
Sat Apr 13 23:32:47 2024	1713076367	0	25032	25032	23067
Sat Apr 13 23:31:59 2024	1713076319	0	25056	25056	17328
Sat Apr 13 23:32:34 2024	1713076354	1	25201	25202	25129
Sat Apr 13 23:32:57 2024	1713076377	0	25240	25240	25169
Sat Apr 13 23:30:58 2024	1713076258	0	25273	25273	14753
Sat Apr 13 23:32:25 2024	1713076345	0	25278	25279	25060
Sat Apr 13 23:32:21 2024	1713076341	0	25396	25396	25218
Sat Apr 13 23:32:33 2024	1713076353	0	25407	25407	21373
Sat Apr 13 23:33:12 2024	1713076392	0	25456	25456	23186
Sat Apr 13 23:32:39 2024	1713076359	0	25486	25486	25446
Sat Apr 13 23:32:34 2024	1713076354	0	25509	25510	25364
Sat Apr 13 23:32:40 2024	1713076360	0	25537	25538	22643
Sat Apr 13 23:32:51 2024	1713076371	0	25596	25597	23062
Sat Apr 13 23:32:02 2024	1713076322	0	25717	25717	25666
Sat Apr 13 23:32:29 2024	1713076349	0	25797	25798	20668
Sat Apr 13 23:33:12 2024	1713076392	0	25812	25812	23490
Sat Apr 13 23:32:42 2024	1713076362	0	25833	25833	25808
Sat Apr 13 23:33:12 2024	1713076392	1	25862	25862	25839
Sat Apr 13 23:32:21 2024	1713076341	0	25883	25883	19231
Sat Apr 13 23:31:12 2024	1713076272	0	25953	25953	25703
Sat Apr 13 23:32:13 2024	1713076333	0	25961	25962	18283
Sat Apr 13 23:32:24 2024	1713076344	1	25992	25993	25372
Sat Apr 13 23:31:12 2024	1713076272	0	26018	26018	16726
Sat Apr 13 23:31:08 2024	1713076268	0	26037	26038	20626
Sat Apr 13 23:31:13 2024	1713076273	0	26109	26109	17081
Sat Apr 13 23:32:24 2024	1713076344	0	26112	26113	25711
Sat Apr 13 23:31:28 2024	1713076288	0	26121	26121	19362
Sat Apr 13 23:32:39 2024	1713076359	0	26144	26144	26042
Sat Apr 13 23:31:40 2024	1713076300	0	26227	26227	26062
Sat Apr 13 23:32:35 2024	1713076355	0	26474	26474	25936
Sat Apr 13 23:32:37 2024	1713076357	0	26508	26508	23350
Sat Apr 13 23:33:07 2024	1713076387	0	26701	26701	24651
Sat Apr 13 23:32:38 2024	1713076358	0	26744	26744	23034
Sat Apr 13 23:32:58 2024	1713076378	0	26852	26852	23281
Sat Apr 13 23:31:44 2024	1713076304	0	26873	26873	21653
Sat Apr 13 23:31:57 2024	1713076317	1	26886	26887	26792
Sat Apr 13 23:32:00 2024	1713076320	0	26923	26923	18109
Sat Apr 13 23:32:49 2024	1713076369	1	26925	26926	26826
Sat Apr 13 23:32:05 2024	1713076325	0	27148	27148	20337
Sat Apr 13 23:31:51 2024	1713076311	0	27414	27414	22646
Sat Apr 13 23:32:09 2024	1713076329	0	27447	27448	26937
Sat Apr 13 23:31:28 2024	1713076288	0	27528	27528	19955
Sat Apr 13 23:32:09 2024	1713076329	1	27653	27654	27451
Sat Apr 13 23:31:19 2024	1713076279	0	28171	28171	20659
Sat Apr 13 23:31:51 2024	1713076311	0	28211	28211	23199
Sat Apr 13 23:32:27 2024	1713076347	0	28265	28265	22468
Sat Apr 13 23:31:55 2024	1713076315	0	28533	28533	21769
Sat Apr 13 23:31:22 2024	1713076282	0	29061	29061	21380
Sat Apr 13 23:31:39 2024	1713076299	0	29063	29064	22663
Sat Apr 13 23:30:53 2024	1713076253	0	29095	29096	18165
Sat Apr 13 23:32:20 2024	1713076340	0	29200	29200	21733
Sat Apr 13 23:31:56 2024	1713076316	0	29252	29252	29123
Sat Apr 13 23:32:49 2024	1713076369	2	29416	29418	29180
Sat Apr 13 23:33:08 2024	1713076388	0	29435	29436	29388
Sat Apr 13 23:31:36 2024	1713076296	0	29463	29463	22380
Sat Apr 13 23:33:02 2024	1713076382	0	29519	29519	28991
Sat Apr 13 23:32:43 2024	1713076363	0	29533	29533	27561
Sat Apr 13 23:32:32 2024	1713076352	0	29673	29673	29635
Sat Apr 13 23:31:52 2024	1713076312	0	29842	29842	24253
Sat Apr 13 23:32:10 2024	1713076330	0	29897	29898	22034
Sat Apr 13 23:33:00 2024	1713076380	0	30004	30004	27704
Sat Apr 13 23:32:56 2024	1713076376	0	30164	30165	27634
Sat Apr 13 23:30:58 2024	1713076258	0	30224	30225	30166
Sat Apr 13 23:31:49 2024	1713076309	0	30373	30373	25159
Sat Apr 13 23:30:45 2024	1713076245	13	30369	30383	24925
Sat Apr 13 23:32:23 2024	1713076343	1	30388	30389	30102
Sat Apr 13 23:31:42 2024	1713076302	0	30768	30768	25036
Sat Apr 13 23:30:57 2024	1713076257	0	30897	30898	20457
Sat Apr 13 23:32:13 2024	1713076333	0	30929	30929	30666
Sat Apr 13 23:32:27 2024	1713076347	0	31055	31056	25249
Sat Apr 13 23:32:53 2024	1713076373	0	31216	31216	31098
Sat Apr 13 23:32:25 2024	1713076345	0	31329	31329	31159
Sat Apr 13 23:32:30 2024	1713076350	0	31634	31634	26917
Sat Apr 13 23:32:09 2024	1713076329	0	31707	31708	25302
Sat Apr 13 23:32:26 2024	1713076346	0	31805	31805	31687
Sat Apr 13 23:32:09 2024	1713076329	0	31944	31945	25690
Sat Apr 13 23:32:06 2024	1713076326	0	31970	31970	31881
Sat Apr 13 23:32:00 2024	1713076320	0	31987	31987	23369
Sat Apr 13 23:31:43 2024	1713076303	0	32027	32027	26326
Sat Apr 13 23:32:12 2024	1713076332	1	32287	32289	32246
Sat Apr 13 23:31:36 2024	1713076296	1	32434	32436	32285
Sat Apr 13 23:32:33 2024	1713076353	0	33010	33010	29185
Sat Apr 13 23:32:44 2024	1713076364	0	33230	33230	33187
Sat Apr 13 23:32:32 2024	1713076352	0	33731	33731	29401
Sat Apr 13 23:32:06 2024	1713076326	0	34027	34027	26781
Sat Apr 13 23:30:45 2024	1713076245	13	34955	34968	29533
Sat Apr 13 23:32:54 2024	1713076374	0	35239	35239	34714
Sat Apr 13 23:32:58 2024	1713076378	0	35256	35256	35124
Sat Apr 13 23:32:58 2024	1713076378	0	36000	36000	35903
Sat Apr 13 23:31:22 2024	1713076282	1	36001	36002	35787
Sat Apr 13 23:32:43 2024	1713076363	0	36198	36198	33724
Sat Apr 13 23:32:44 2024	1713076364	0	36395	36395	34891
Sat Apr 13 23:31:33 2024	1713076293	1	36480	36482	36462
Sat Apr 13 23:32:40 2024	1713076360	0	36500	36500	33657
Sat Apr 13 23:32:33 2024	1713076353	0	36822	36822	33010
Sat Apr 13 23:32:17 2024	1713076337	0	37026	37026	36847
Sat Apr 13 23:32:47 2024	1713076367	0	37543	37543	35912
Sat Apr 13 23:32:47 2024	1713076367	0	37733	37734	35304
Sat Apr 13 23:31:11 2024	1713076271	0	38002	38002	37932
Sat Apr 13 23:32:25 2024	1713076345	0	38006	38006	37564
Sat Apr 13 23:32:06 2024	1713076326	1	38186	38187	37853
Sat Apr 13 23:31:06 2024	1713076266	0	38604	38604	28702
Sat Apr 13 23:32:38 2024	1713076358	0	38679	38679	36410
Sat Apr 13 23:32:54 2024	1713076374	0	39229	39230	37016
Sat Apr 13 23:32:29 2024	1713076349	0	39435	39435	39274
Sat Apr 13 23:31:04 2024	1713076264	0	40028	40028	39901
Sat Apr 13 23:32:29 2024	1713076349	0	40434	40434	34785
Sat Apr 13 23:31:58 2024	1713076318	0	40777	40778	34849
Sat Apr 13 23:31:28 2024	1713076288	1	40839	40840	40575
Sat Apr 13 23:31:45 2024	1713076305	0	41253	41253	34548
Sat Apr 13 23:32:51 2024	1713076371	0	41354	41354	37819
Sat Apr 13 23:32:19 2024	1713076339	1	42750	42751	42355
Sat Apr 13 23:32:12 2024	1713076332	0	42957	42957	42862
Sat Apr 13 23:32:00 2024	1713076320	0	43555	43555	36077
Sat Apr 13 23:32:22 2024	1713076342	0	43839	43839	37958
Sat Apr 13 23:32:12 2024	1713076332	0	46220	46220	37940
Sat Apr 13 23:32:03 2024	1713076323	0	48317	48317	39392
Sat Apr 13 23:32:16 2024	1713076336	0	48565	48565	39875
Sat Apr 13 23:30:50 2024	1713076250	0	52207	52207	40304
